"2013-02-28 UPC",Anonymous,"20140108 1201 36",,HR0L98QNR3HLFCK9PASF.raster
"2013-01-31 KPN",Anonymous,"20140108 2058 41",,C1VZ3AX5AS7HX35C2BWA.raster
"2013-04-19 KPN",Anonymous,"20140109 1115 31",,YT9QFC3RWER558IDOD40.raster
"2013-02-06 Ziggo",Anonymous,"20140109 1147 20",,F4AZK6T9WKMJCNI3ZFUM.raster
"2013-05-22 Vodafone",Anonymous,"20140109 1351 26",,4ZEA21UUBN3V46OTTH2K.raster
"2013-05-23 T-Mobile",Anonymous,"20140109 1539 51",,WDMA3UI4ERSOWBXCITMZ.raster
"2013-05-14 T-mobile",Anonymous,"20140111 0921 52",,3J0J671ACYJXN5NCA4VF.raster
"2013-05-23 Vodafone",Anonymous,"20140111 1502 15",,FPRJLBX9T047YTCPY2FK.raster
"2013-01-29 Vodafone",Anonymous,"20140111 1515 04",,76HA2O8VS9GJXUZTU5E4.raster
"2013-06-03 T-Mobile","Eelco on Firefox/MacbookPro13","20140121 1018 36",,8MREZWHUXXCWB2FNWYRA.raster
"2013-07-25 KPN","Eelco on Firefox/MacbookPro13","20140123 1342 47",,GQ3ENQADVCT59NDKI0FL.raster
"2013 07 13 KPN","Eelco on Firefox/MacbookPro13","20140123 1841 31",,N2Q6WPKKJVOS8ZDWWFOX.raster
"2013-07-13 KPN","Eelco on Firefox/MacbookPro13","20140123 1934 43",,H7RQW15G5GLQRB6Y2C3S.raster
